{"cameraMode":{"drawMode":0,"name":"Shaded","section":"Shading Mode"},"sceneLighting":false,"audioPlay":false,"sceneViewState":{"m_AlwaysRefresh":false,"showFog":true,"showSkybox":false,"showFlares":true,"showImageEffects":true,"showParticleSystems":true,"showVisualEffectGraphs":true,"m_FxEnabled":true},"in2DMode":false,"pivot":{"x":0.05731832981109619,"y":3.4800002574920656,"z":21.24999237060547},"rotation":{"x":-0.36894533038139346,"y":0.02344057336449623,"z":-0.009307760745286942,"w":-0.929110586643219},"size":3.596769332885742,"orthographic":false}