{"cameraMode":{"drawMode":0,"name":"Shaded","section":"Shading Mode"},"sceneLighting":false,"audioPlay":false,"sceneViewState":{"m_AlwaysRefresh":false,"showFog":true,"showSkybox":false,"showFlares":true,"showImageEffects":true,"showParticleSystems":true,"showVisualEffectGraphs":true,"m_FxEnabled":true},"in2DMode":false,"pivot":{"x":9.318375587463379,"y":1.6414313316345215,"z":23.642786026000978},"rotation":{"x":0.15924222767353059,"y":0.4881075322628021,"z":-0.09109178930521012,"w":0.8532854914665222},"size":3.1008799076080324,"orthographic":false}